Protein,Length,Sequence
TRP-cage,20,NLYIQWLKDGGPSSGRPPPS
Glucagon,29,HSQGTFTSDYSKYLDSRRAQDFVQWLMNT
Crambin,46,TTCCPSIVARSNFNVCRLPGTSEAICATYTGCIIIPGATCPGDYAN
Insulin,51,GIVEQCCTSICSLYQLENYCNFVNQHLCGSHLVEALYLVCGERGFFYTPKT
Bovine Pancreatic Trypsin Inhibitor (BPTI),58,RPDFCLEPPYTGPCKARIIRYFYNAKAGLCQTFVYGGCRAKRNNFKSAEDCMRTCGGA
Ubiquitin,76,MQIFVKTLTGKTITLEVEPSDTIENVKAKIQDKEGIPPDQQRLIFAGKQLEDGRTLSDYNIQKESTLHLVLRLRGG
Cytochrome c,104,GDVEKGKKIFIMKCSQCHTVEKGGKHKTGPNLHGLFGRKTGQAPGYSYTAANKNKGIIWGEDTLMEYLENPKKYIPGTKMIFVGIKKKEERADLIAYLKKATNE
Lysozyme,130,KVFERCELARTLKRLGMDGYRGISLANWMCLAKWESGYNTRATNYNAGDRSTDYGIFQINSRYWCNDGKTPGAVNACHLSCSALLQDNIADAVACAKRVVRDPQGIRAWVAWRNRCQNRDVRQYVQGCGV
Myoglobin,153,GLSDGEWQLVLNVWGKVEADIPGHGQEVLIRLFKGHPETLEKFDKFKHLKSEDEMKASEDLKKHGATVLTALGGILKKKGHHEAEIKPLAQSHATKHKIPVKYLEFISEAIIQVLQSKHPGDFGADAQGAMNKALELFRKDIAAKYKELGYQG
T4 Lysozyme,164,MNIFEMLRIDEGLRLKIYKDTEGYYTIGIGHLLTKSPSLNAAKSELDKAIGRNTNGVITKDEAEKLFNQDVDAAVRGILRNAKLKPVYDSLDAVRRAALINMVFQMGETGVAGFTNSLRMLQQKRWDEAAVNLAKSRWYNQTPNRAKRVITTFRTGTWDAYKNL
Ras GTPase,188,MTEYKLVVVGAGGVGKSALTIQLIQNHFVDEYDPTIEDSYRKQVVIDGETCLLDILDTAGQEEYSAMRDQYMRTGEGFLCVFAINNTKSFEDIHQYREQIKRVKDSDDVPMVLVGNKCDLAARTVESRQAQDLARSYGIPYIETSAKTRQGVEDAFYTLVREIRKHKEKMSKDGKKKKKKSKTKCVIM
Adenylate Kinase,194,MEEKLKKSKIIFVVGGPGSGKGTQCEKIVQKYGYTHLSTGDLLRAEVSSGSARGKMLSEIMEKGQLVPLETVLDMLRDAMVAKVDTSKGFLIDGYPREVQQGEEFERRIGQPTLLLYVDAGPETMTQRLLKRGETSGRVDDNEETIKKRLETYYKATEPVIAFYEKRGIVRKVNAEGSVDSVFSQVCTHLDALK
